Supplier Name,Function,Region,Country,Resources,Service,Year,Avg. Cost($),Rating,Average Delivery Time,Number of Escalations
Efi,Computer Software,"Turku, Finland Proper, Finland",Finland,1344.7775,User Interface,2020,44.53169,36.26259,155.87367,84.76977
Hcl Infosystems Ltd,Information Technology And Services,"Geneva, Alabama, United States",Switzerland,7811.5806,Network Management,2020,1.0302033,52.10716,191.58842,57.647846
Lennar,Real Estate,"Vaasa, Ostrobothnia, Finland",Finland,3296.2556,Building contractors,2020,111.73166,65.333145,161.82126,83.90235
Md Anderson Cancer Center,Hospital & Health Care,"Geel, Antwerpen, Belgium",Belgium,12135.043,General surgical services,2020,2.2754784,54.039417,100.01468,85.21024
Fresenius Medical Care,Hospital & Health Care,"Pirituba, Sao Paulo, Brazil",Brazil,17499.229,General surgical services,2020,85.34542,0.43890262,129.25879,67.52407
Equifax,Financial Services,"Sandviga, Aust-Agder, Norway",Norway,6899.621,Debt Management,2020,129.42336,81.30199,184.57808,0.49327052
Equity Residential,Real Estate,"Portugal, Para, Brazil",Portugal,1953.6798,Architects,2020,124.6108,67.95358,180.23114,91.575356
Windermere Real Estate,Real Estate,"Ellerslie, Auckland, New Zealand",New Zealand,4001.0227,Property consultants,2020,1.4654744,59.05024,198.79558,91.43253
First American Title,Real Estate,"Vicente Lopez, Buenos Aires, Argentina",Argentina,5290.2964,Building contractors,2020,113.536644,41.349724,93.653656,80.57837
Spotify,Computer Software,"Warsaw, Mazovia, Poland",Poland,2840.3894,Multiprogramming,2020,41.259262,44.825703,63.01651,82.37754
Softserve,Computer Software,"Göteborg, Vaestra Goetaland, Sweden",Sweden,4444.963,Operating Systems,2020,0.49742064,71.608665,211.80205,87.11649
Lifespan,Hospital & Health Care,"Vila Nova De Famalicao, Braga, Portugal",Portugal,32676.148,Emergency room services,2020,123.90132,63.97557,105.01583,86.00148
The Corcoran Group,Real Estate,"Westhill, Aberdeenshire, United Kingdom",Singapore,1509.6989,Property consultants,2020,112.91557,74.94302,137.91022,92.59257
Novant Health,Hospital & Health Care,"Johnsonville, Wellington, New Zealand",New Zealand,4176.8315,Mental health care,2020,123.934586,1.4703321,162.16795,79.54742
Kb Home,Real Estate,"Hovik, Buskerud, Norway",Norway,1224.6146,Home inspection,2020,118.96167,79.88501,73.66029,82.41512
Pegasystems,Computer Software,"Södertälje, Stockholm, Sweden",Sweden,2418.7449,User Interface,2020,46.838924,65.5509,53.49358,74.07693
Meb,Real Estate,"Nanjing, Jiangsu, China",China,7592.3203,Property consultants,2020,110.38287,57.784073,184.77904,74.67389
Fraser Health Authority,Hospital & Health Care,"Abu Dhabi, Abu Dhabi, United Arab Emirates",United Arab Emirates,4112.939,General surgical services,2020,96.824295,78.45999,91.135445,96.41415
Teksystems,Information Technology And Services,"Langley, British Columbia, Canada",Canada,16024.194,Hardware support,2020,107.09141,1.5260706,232.17328,89.97249
Compucom,Information Technology And Services,"Akre, Hordaland, Norway",Norway,8075.829,Help Desk Support,2020,68.98213,39.585583,218.44229,94.388435
Ncr Corporation,Information Technology And Services,"Randburg, Gauteng, South Africa",South Africa,10204.871,Managed Print Services,2020,65.491035,76.60823,121.170074,72.7248
Intuit,Computer Software,"Windisch, Aargau, Switzerland",Switzerland,12185.2,Operating Systems,2020,0.8034456,77.238434,270.1465,90.82961
Veritas Technologies Llc,Computer Software,"Turin, Piemonte, Italy",Italy,2664.9514,Database Management,2020,44.00905,57.57571,129.4226,83.5331
The Corcoran Group,Real Estate,"Slough, Slough, United Kingdom",United Kingdom,2347.7285,Buying Real Estate,2020,102.92952,52.43609,72.91631,88.07587
Royal Lepage,Real Estate,"Bodø, Nordland, Norway",Norway,4859.3066,Home inspection,2020,133.13614,78.63974,200.18904,91.343315
Morningstar,Financial Services,"Bielsko-Biala, Slaskie, Poland",Poland,2360.288,Capital Restructuring,2020,132.00522,52.240063,126.36618,85.94903
Guild Mortgage,Real Estate,"Marne, Grand Est, France",France,3403.3918,Buying Real Estate,2020,110.9387,62.137306,188.44875,0.41146708
Alibaba Group,Information Technology And Services,"Taunton, Somerset, United Kingdom",United Kingdom,5634.0137,Help Desk Support,2020,77.10035,1.3324583,219.04659,99.4691
Aphp,Hospital & Health Care,"Groesbeek, Gelderland, Netherlands",Netherlands,7433.4097,Blood services,2020,83.990746,0.49289355,130.28305,68.744484
Equity Residential,Real Estate,"Taveiro, Coimbra, Portugal",Portugal,2150.8162,Building contractors,2020,126.79216,67.94703,208.0589,90.87586
Merrill Lynch,Financial Services,"Randburg, Gauteng, South Africa",South Africa,26994.033,Wealth Management,2020,183.03345,1.1847045,213.3765,0.6238364
The Corcoran Group,Real Estate,"Lowell, Massachusetts, United States",Singapore,2368.75,Home inspection,2020,125.28718,55.827755,242.0419,107.41617
Willis Towers Watson,Financial Services,"Cracow, Malopolskie, Poland",Poland,30308.783,Insurance,2020,207.56151,54.79102,256.1036,85.8907
Igt,Computer Software,"Malabry, Hauts-De-Seine, France",France,4039.3594,Operating Systems,2020,47.30557,74.14649,119.88954,76.225494
Irvine Company,Real Estate,"Helsinki, Uusimaa, Finland",Finland,1416.6003,Property consultants,2020,115.66217,59.776253,166.5614,88.95404
Keller Williams Realty,Real Estate,"Rivonia, Gauteng, South Africa",South Africa,1400.6105,New Construction,2020,116.3061,61.25799,133.82675,80.757774
Intergraph,Computer Software,"Gaziosmanpaşa, Istanbul, Turkey",Turkey,1525.8662,Multiprogramming,2020,45.996643,0.6945003,160.99951,0.62651503
[24]7.Ai,Computer Software,"Umraniye, Istanbul, Turkey",Turkey,2274.3972,Desktop Publishing,2020,55.214058,61.111877,99.96423,88.29401
Capgemini,Information Technology And Services,"Amersfoort, Utrecht, Netherlands",Netherlands,50338.5,Backup & Disaster Recovery,2020,114.41562,49.72356,142.16489,1.0772047
Greystar,Real Estate,"Julfa, Ras Al Khaimah, United Arab Emirates",United Arab Emirates,4092.35,Property consultants,2020,115.47171,49.7029,192.82254,1.4004458
Reecenichols Real Estate,Real Estate,"Jyvaeskylae, Central Finland, Finland",Finland,1498.9501,Building contractors,2020,2.346123,66.269,72.92435,0.73047817
Redfin,Real Estate,"Mascot, New South Wales, Australia",Australia,1604.5094,Home inspection,2020,112.66421,1.5781803,1.3669655,72.21367
Morgan Stanley,Financial Services,"Golmarmara, Manisa, Turkey",Turkey,42811.805,Professional Advisory,2020,133.04561,47.863598,262.2022,48.960274
Kbc Bank & Verzekering,Financial Services,"Kontich, Antwerpen, Belgium",Belgium,6102.3174,Banking,2020,137.13692,1.4647943,158.01865,73.37489
"Keller Williams Realty, Inc.",Real Estate,"Velizy-Villacoublay, Ile-De-France, France",France,34875.703,Property Staging,2020,74.2955,58.472633,117.66254,42.462505
Softwareone,Computer Software,"Barendrecht, Zuid-Holland, Netherlands",Netherlands,1372.7786,Database Management,2020,46.89539,53.78152,63.549458,82.915565
Krajowy Fundusz Kapitałowy Sa,Financial Services,"La Plata, Buenos Aires, Argentina",Argentina,4032.3408, Portfolio Management,2020,111.464615,58.499775,78.61568,94.98759
Rbc Investor & Treasury Services,Financial Services,"La Plata, Buenos Aires, Argentina",Argentina,2355.017,Wealth Management,2020,141.5906,0.46341935,0.79728806,63.96059
Snap Inc.,Computer Software,"Mortsel, Flanders, Belgium",Belgium,2757.6233,Operating Systems,2020,57.003304,53.126434,96.16444,91.54928
Dalian Wanda Group,Real Estate,"Canton De Vaud, Vaud, Switzerland",Switzerland,1802.075,Property Staging,2020,109.15363,0.60307175,171.53427,79.46796
Swedish Medical Center,Hospital & Health Care,"Vicente Lopez, Buenos Aires, Argentina",Argentina,3189.556,Special surgical services,2020,0.51175797,45.92727,96.3652,0.29609278
Watson Realty Corp.,Real Estate,"Siruseri, Tamil Nadu, India",India,1337.0565,Building contractors,2020,117.50788,0.10995076,177.41428,1.556568
The Hartford,Financial Services,"Penrose, Auckland, New Zealand",New Zealand,13266.678, Portfolio Management,2020,140.02742,85.50954,263.543,85.36498
Commonwealth Bank,Financial Services,"Coventry, Coventry, United Kingdom",United Kingdom,14413.909,Stock Market,2020,122.195915,45.693474,0.6958338,67.56424
Lifespan,Hospital & Health Care,"Keller, Texas, United States",Belgium,24492.984,Special surgical services,2020,3.0786624,81.07378,187.9634,70.957275
Westfield,Real Estate,"Gurgaon, Haryana, India",India,3331.1875,New Construction,2020,126.68369,61.332733,102.99899,93.96367
Tmf Group,Financial Services,"Surabaya, Jawa Timur, Indonesia",Indonesia,2288.147,Wealth Management,2020,136.52484,38.904476,141.26262,83.18703
Ge Digital,Computer Software,"Bussum, Noord-Holland, Netherlands",Netherlands,4881.4004,Desktop Publishing,2020,56.305508,74.67429,232.48184,86.17094
Imss,Hospital & Health Care,"Wellington City, Wellington, New Zealand",New Zealand,12869.548,Nutritional support,2020,71.5116,40.986256,175.94485,0.92311287
Philips,Hospital & Health Care,"Jumeirah, Dubai, United Arab Emirates",United Arab Emirates,33380.4,Special surgical services,2020,2.6467805,0.73423785,126.2206,51.11059
Atos,Information Technology And Services,"Markham, Ontario, Canada",Canada,25934.553,Network Management,2020,1.3759328,66.91783,145.38521,53.412373
Nutanix,Computer Software,"Verwoerdburg, Gauteng, South Africa",South Africa,2020.4901,Multiprogramming,2020,1.5834438,60.85003,182.97968,90.256226
Totvs,Computer Software,"Vicente Lopez, Buenos Aires, Argentina",Argentina,8284.449,Multimedia Authoring Software,2020,76.64754,39.759033,122.28946,77.978836
Factset,Computer Software,"Argentina, Santiago Del Estero, Argentina",Argentina,2611.037,Personal Productivity Software,2020,50.02679,68.68415,80.6627,82.47304
Vumc,Hospital & Health Care,"Almada, Setubal, Portugal",Portugal,2894.3245,Blood services,2020,87.41501,53.009632,162.38593,74.94382
Teksystems,Information Technology And Services,"Tampere, Pirkanmaa, Finland",Finland,19137.062,Hardware support,2020,117.71914,88.9361,201.70479,83.40035
Informatica,Computer Software,"Sharjah, Sharjah, United Arab Emirates",United Arab Emirates,5483.375,Multimedia Authoring Software,2020,52.79077,63.026325,99.46972,88.102295
Alliance Residential Company,Real Estate,"Grafton, Auckland, New Zealand",New Zealand,2056.074,Rental and investment properties,2020,2.55522,78.16813,125.60983,93.7934
Micro Focus,Computer Software,"Lisbon, Lisbon, Portugal",Portugal,2413.144,Operating Systems,2020,43.445026,62.760628,159.81114,0.45805377
Broadridge,Financial Services,"Maringá, Parana, Brazil",Brazil,3341.0024,Wealth Management,2020,136.2398,59.821842,108.99975,0.6345655
Primelending,Real Estate,"Cuiaba, Mato Grosso, Brazil",Brazil,2153.2148,Buying Real Estate,2020,121.606514,43.400955,1.451263,80.70911
Henry Ford Health System,Hospital & Health Care,"Malmö, Skåne, Sweden",Sweden,4565.7007,X ray/radiology services,2020,83.95268,0.7303943,104.01359,83.975174
Lifespan,Hospital & Health Care,"Sharjah, Sharjah, United Arab Emirates",United Arab Emirates,16406.438,Blood services,2020,1.6875229,64.06876,167.72845,61.95838
First Data Corporation,Financial Services,"Lisbon, Lisbon, Portugal",Portugal,11667.418,Insurance,2020,151.68724,56.436703,153.76257,89.96464
Vancouver Coastal Health,Hospital & Health Care,"Pero, Lombardy, Italy",Italy,4780.136,Nutritional support,2020,118.485374,56.979866,2.7297847,72.435455
Knight Frank,Real Estate,"South Yarra, Victoria, Australia",Australia,5949.4487,Buying Real Estate,2020,126.37314,93.1953,171.8745,90.74026
First Data Corporation,Financial Services,"Almada, Setubal, Portugal",Portugal,8382.141,Debt Management,2020,129.33578,69.69247,3.3392777,69.32775
Baycare Health System,Hospital & Health Care,"Dale I Sunnfjord, Sogn Og Fjordane, Norway",Norway,3745.001,Special surgical services,2020,96.98344,69.64302,56.77195,0.40617627
Softserve,Computer Software,"Pymble, New South Wales, Australia",Australia,2599.6843,Multimedia Authoring Software,2020,49.951748,65.29872,76.49939,86.96316
Micro Focus,Computer Software,"Accrington, Lancashire, United Kingdom",United Kingdom,5629.8545,Desktop Publishing,2020,51.551952,77.923485,108.851105,85.69872
Dell,Information Technology And Services,"Hovik, Buskerud, Norway",Norway,79498.586,Help Desk Support,2020,129.30084,62.331493,228.00323,42.581158
Ohiohealth,Hospital & Health Care,"Bonheiden, Antwerpen, Belgium",Belgium,5173.077,Mental health care,2020,108.25671,80.66451,239.97516,78.75286
Banner Health,Hospital & Health Care,"Kuopio, Northern Savo, Finland",Finland,7511.3438,Mental health care,2020,80.51885,54.72557,127.380264,69.016525
Duke University Health System,Hospital & Health Care,"Chrysopolis, Istanbul, Turkey",Turkey,6547.0986,Mental health care,2020,106.34889,60.854977,2.3604403,100.31229
Cyient,Information Technology And Services,"Sandton, Gauteng, South Africa",South Africa,7249.139,Email Services,2020,52.545288,69.768105,192.05608,71.76496
New York Life Insurance Company,Financial Services,"Hojbjerg, Central Jutland, Denmark",Denmark,27605.854,Debt Management,2020,152.88673,66.8995,159.96057,70.01977
Tsys,Financial Services,"Sala, Vaestmanland, Sweden",Sweden,5054.153,Wealth Management,2020,3.874866,81.318344,150.13626,92.86505
Ultimate Software,Computer Software,"Espoo, Southern Finland, Finland",Finland,2523.7698,Personal Productivity Software,2020,46.478584,62.212215,173.46263,82.61934
Amadeus It Group,Information Technology And Services,"Glostrup, Capital Region, Denmark",Denmark,5970.4927,Computer Training,2020,48.191334,67.68603,81.854256,64.63873
Microsoft,Computer Software,"Istanbul, Istanbul, Turkey",Turkey,2.242318,Application Software,2020,173.03398,83.57357,229.64684,62.756397
Ultimate Software,Computer Software,"Leiria, Leiria, Portugal",Portugal,3421.7434,Database Management,2020,66.49649,78.16914,121.070015,76.37426
Cvent,Computer Software,"Morelia, Michoacan, Mexico",Mexico,1856.4578,System Software,2020,43.19724,73.55851,1.0669533,1.0996155
Hyland,Computer Software,"Saline, Michigan, United States",United States,2828.1138,Application Software,2020,53.40444,0.25961933,148.87227,1.0697244
First Team Real Estate,Real Estate,"Şişli, Istanbul, Turkey",Turkey,1776.7482,Selling Real Estate,2020,0.8606408,1.7091445,125.61547,1.0714271
Peacehealth,Hospital & Health Care,"Les Acacias, Geneva, Switzerland",Switzerland,5432.8564,Special surgical services,2020,99.35128,0.79875773,191.23787,79.106415
Associated Bank,Financial Services,"New Farm, Queensland, Australia",Australia,2971.7527,Banking,2020,156.46947,55.06639,138.9068,87.01025
Polaris Financial Technology Limited,Information Technology And Services,"Bielsko-Biala, Slaskie, Poland",Poland,3861.297,Cloud Services,2020,41.924164,53.457253,163.24487,62.777523
Quest Software,Computer Software,"Pessac, Aquitaine, France",France,2834.529,Personal Productivity Software,2020,61.154556,76.18531,156.24165,92.77996
Radboudumc,Hospital & Health Care,"Belgrano, Santiago Del Estero, Argentina",Argentina,5477.605,Transportation,2020,97.85863,70.64154,156.98967,92.99363
Danske Bank,Financial Services,"Espoo, Southern Finland, Finland",Finland,12395.357,Banking,2020,126.3356,81.66804,112.25716,82.113365
American Campus Communities,Real Estate,"Rosario, Santa Fe, Argentina",Argentina,1779.9647,Architects,2020,126.30851,53.81765,160.16466,86.49488
Unitedhealth Group,Hospital & Health Care,"Kuopio, Northern Savo, Finland",Finland,46531.77,Transportation,2020,143.08177,51.17486,149.85909,37.31312
American Medical Response,Hospital & Health Care,"Wavre, Brabant Wallon, Belgium",Belgium,4481.282,General surgical services,2020,120.93211,51.0753,54.5269,89.64852
Verizon Business,Information Technology And Services,"Mexico City, Mexico City, Mexico",Mexico,12550.612,Cloud Services,2020,92.28154,79.873344,162.27061,112.39935
Duke University Health System,Hospital & Health Care,"Ehningen, Baden-Württemberg Region, Germany",Germany,5217.9424,Transportation,2020,103.16326,61.82497,176.23265,99.91133
[24]7.Ai,Computer Software,"Brunswick, Niedersachsen, Germany",Germany,2081.5732,User Interface,2020,58.543095,76.93053,148.47,94.93373
Danske Bank,Financial Services,"Dubai, Dubai, United Arab Emirates",United Arab Emirates,8912.598,Mutual Funds,2020,155.87737,58.652294,190.77371,83.192055
Lopes Consultoria De Imóveis - Imóveis De Terceiros,Real Estate,"Tjele, Central Jutland, Denmark",Denmark,1828.2068,New Construction,2020,124.41018,51.60369,213.12663,89.58626
Maxim Healthcare Services,Hospital & Health Care,"Geneva, Geneva, Switzerland",Switzerland,13332.68,Emergency room services,2020,113.74574,1.7082791,209.3678,0.6669438
Swedish Medical Center,Hospital & Health Care,"Hyderābād, Telangana, India",Singapore,2876.3945,Special surgical services,2020,88.546,47.55346,1.1571779,74.52276
Robert Bosch Engineering And Business Solutions Ltd.,Information Technology And Services,"Liège, Wallonia, Belgium",Belgium,3381.379,IT Consulting,2020,1.500176,72.95061,0.8397229,71.486565
Sabre Corporation,Information Technology And Services,"Vianen, Utrecht, Netherlands",Netherlands,3780.4548,Backup & Disaster Recovery,2020,41.04905,78.20141,98.78356,78.69029
Knight Frank,Real Estate,"Bhubaneswar, Odisha, India",India,4873.311,New Construction,2020,2.0982924,76.690285,180.83162,0.8516038
Northside Hospital,Hospital & Health Care,"Woodmead, Gauteng, South Africa",South Africa,3573.7644,General surgical services,2020,118.57514,0.9356226,237.33435,0.9206445
Orlando Health,Hospital & Health Care,"Jakarta, Jakarta Raya, Indonesia",Indonesia,3947.5344,Special surgical services,2020,85.57516,0.3608054,165.66562,1.0241321
Earth Infrastructures Ltd.,Real Estate,"Bucks, Pennsylvania, United States",Singapore,1296.6187,Property consultants,2020,125.03668,66.849884,220.56786,86.81472
Cadence Design Systems,Computer Software,"Barcelona, Catalonia, Spain",Spain,5368.686,System Software,2020,64.40657,58.472946,212.76201,96.78247
Ramco Systems,Computer Software,"Retreat, Western Cape, South Africa",South Africa,3038.879,Multimedia Authoring Software,2020,50.967415,58.386326,145.22517,96.05559
Fifth Third Bank,Financial Services,"Valbonne, Provence-Alpes-Cote D'Azur, France",France,8664.623,Capital Restructuring,2020,131.96127,48.82052,162.7234,75.92162
Hcl Infosystems Ltd,Information Technology And Services,"Tjele, Central Jutland, Denmark",Denmark,13131.088,Network Management,2020,48.894318,64.25798,197.70122,69.16949
Caliber Home Loans,Financial Services,"Santos, Sao Paulo, Brazil",Brazil,5137.6646, Portfolio Management,2020,161.00179,0.75323606,173.73033,94.46989
Logmein,Computer Software,"Gentilly, Ile-De-France, France",France,1674.3689,Operating Systems,2020,56.176315,64.480484,168.33705,93.7598
Public Storage,Real Estate,"Hereford, Herefordshire, United Kingdom",United Kingdom,1613.8198,Buying Real Estate,2020,123.89097,53.016838,195.76761,96.73258
Partners Healthcare,Hospital & Health Care,"İStanbul, Istanbul, Turkey",Turkey,3721.1755,Nutritional support,2020,95.87708,50.137203,138.18796,89.02671
Itc Infotech,Information Technology And Services,"Esenler, Istanbul, Turkey",Turkey,7602.649,Cybersecurity,2020,0.6607811,61.907932,127.91323,92.15668
Intuit,Computer Software,"Zurich, Zurich, Switzerland",Switzerland,4735.497,User Interface,2020,0.80735946,67.762245,143.50371,86.32883
Cadence Design Systems,Computer Software,"Durban, Kwazulu-Natal, South Africa",South Africa,5635.533,Operating Systems,2020,60.447647,71.88796,187.33134,84.3456
Cyient,Information Technology And Services,"Nanterre, Ile-De-France, France",France,5067.414,IT Consulting,2020,64.772156,86.983955,1.164823,90.66549
Jda Software,Computer Software,"Ascq, Nord-Pas-De-Calais, France",France,5019.172,Desktop Publishing,2020,46.603416,57.967068,255.8251,72.45312
Homesmart,Real Estate,"Le Pecq, Ile-De-France, France",France,1072.5458,Property consultants,2020,0.62726134,71.10022,61.53093,81.22618
Uhs,Hospital & Health Care,"Goteborg, Vastra Gotaland, Sweden",Sweden,2458.0083,Transportation,2020,88.719475,65.017044,165.33463,1.2101141
Efi,Computer Software,"Drammen, Buskerud, Norway",Norway,2030.9661,Personal Productivity Software,2020,46.747936,55.70947,87.37888,90.64225
Harcourts Real Estate,Real Estate,"Santa Clara, California, United States",Singapore,3224.109,Home inspection,2020,118.336075,77.80304,142.8255,91.09101
Barfoot & Thompson,Real Estate,"Oviedo, Asturias, Spain",Spain,1699.1161,Architects,2020,124.182495,46.11201,70.54428,3.3010767
Informatica,Computer Software,"Liège, Wallonia, Belgium",Belgium,5145.775,System Software,2020,0.6449579,1.4552218,158.5131,85.10289
Caci International Inc,Information Technology And Services,"Bau, Mato Grosso, Brazil",Brazil,11235.81,Cybersecurity,2020,66.97968,76.03754,105.30254,94.5274
Cartus,Real Estate,"Vila Nova De Gaia, Porto, Portugal",Portugal,1379.6106,Buying Real Estate,2020,2.6765487,60.942043,105.485695,1.7808405
University Of Chicago Medicine,Hospital & Health Care,"Wellington, Florida, United States",New Zealand,4086.3542,Nutritional support,2020,91.16859,76.22352,206.23643,2.2964547
Gm Financial,Financial Services,"Bad Homburg, Hessen, Germany",Germany,6451.5474,Professional Advisory,2020,163.3797,52.912838,123.197334,88.130356
Nhs England,Hospital & Health Care,"Portimão, Faro, Portugal",Portugal,9653.793,Special surgical services,2020,120.30133,58.971657,177.8564,91.21396
Epic,Computer Software,"Olean, New York, United States",United States,9097.304,System Software,2020,62.0877,60.441494,159.02568,88.804375
Efi,Computer Software,"Zabierzow Bochenski, Malopolskie, Poland",Poland,1799.4701,User Interface,2020,52.422623,57.19252,80.36216,0.6153231
Teradata,Information Technology And Services,"Bielsko-Biala, Slaskie, Poland",Poland,4444.983,Computer Training,2020,29.093496,0.84211683,2.6329184,75.37878
Rbc Wealth Management,Financial Services,"Mohali, Punjab, India",India,4570.639,Mutual Funds,2020,134.68175,54.101364,101.01809,88.938156
Freddie Mac,Financial Services,"Stockholm, Stockholm, Sweden",Sweden,5495.9326, Portfolio Management,2020,162.65997,56.429836,0.76834977,2.1440709
Itc Infotech,Information Technology And Services,"Madalena, Sao Paulo, Brazil",Brazil,5869.0005,Network Management,2020,56.658833,70.557144,132.14505,86.92866
Computacenter,Information Technology And Services,"Belgrano, Santiago Del Estero, Argentina",Argentina,9419.193,Network Management,2020,75.407,64.42114,209.88979,85.63551
Oracle,Information Technology And Services,"São José Dos Campos, Sao Paulo, Brazil",Brazil,93329.09,Managed Print Services,2020,180.41705,77.011055,173.70238,10.020768
Guild Mortgage,Real Estate,"Perret, Brittany, France",France,3352.5354,Building contractors,2020,131.4192,78.18469,307.14157,91.32709
Symantec,Computer Software,"Fourways, Gauteng, South Africa",South Africa,9909.649,Operating Systems,2020,44.01196,66.118126,101.421555,0.7633118
Mastercard,Information Technology And Services,"Bağcılar, Istanbul, Turkey",Turkey,7096.715,Hardware support,2020,64.25849,84.629196,110.457695,69.087944
Scripps Health,Hospital & Health Care,"Chesterfield, Missouri, United States",Singapore,4907.8433,X ray/radiology services,2020,107.743126,0.7108208,187.31383,105.203865
Ncr Corporation,Information Technology And Services,"Sorocaba, Sao Paulo, Brazil",Brazil,21084.871,Email Services,2020,87.649414,66.96011,89.0139,58.066795
Absa,Financial Services,"Munich, Bayern, Germany",Germany,10107.74,Professional Advisory,2020,1.2451096,58.175243,119.14186,59.251255
Eclinicalworks,Computer Software,"Kristiansund, More Og Romsdal, Norway",Norway,1528.6372,Personal Productivity Software,2020,44.844414,64.2603,92.11198,80.61336
Fresenius Medical Care,Hospital & Health Care,"Mazowsze, Kujawsko-Pomorskie, Poland",Poland,22452.32,Mental health care,2020,127.00727,89.902374,176.7971,82.822044
Windermere Real Estate,Real Estate,"Brisbane, Queensland, Australia",New Zealand,2831.6387,Architects,2020,113.10876,73.89233,181.02914,79.64072
Barclays Africa Group Limited,Financial Services,"Gent, Oost-Vlaanderen, Belgium",Belgium,6132.2188,Tax/Audit Consulting,2020,137.86758,47.363304,252.48593,96.07251
Banner Health,Hospital & Health Care,"Fresno, California, United States",Canada,8721.446,General surgical services,2020,94.9611,47.26961,117.64912,69.358665
Rms,Computer Software,"Lochristi, Oost-Vlaanderen, Belgium",Belgium,1546.0664,System Software,2020,43.852375,47.12411,89.93946,85.20697
Standard Bank Group,Financial Services,"København, Capital Region, Denmark",Denmark,32284.895,Professional Advisory,2020,173.45274,67.398186,131.1949,73.170845
Caliber Home Loans,Financial Services,"South Yarra, Victoria, Australia",Australia,2891.1094,Mutual Funds,2020,127.70303,50.205147,166.86656,0.9448011
Pnc,Financial Services,"Lysaker, Akershus, Norway",Norway,44962.04,Capital Restructuring,2020,181.98634,0.97618455,228.01724,67.28657
Epic,Computer Software,"Reading, Reading, United Kingdom",United Kingdom,5278.229,User Interface,2020,52.858673,54.634056,114.04599,82.48782
Fresenius Medical Care,Hospital & Health Care,"Auchenflower, Queensland, Australia",Australia,14262.304,Mental health care,2020,104.49831,59.05953,216.95415,49.709244
Usaa,Financial Services,"Dorset, Dorset, United Kingdom",United Kingdom,21574.074,Wealth Management,2020,144.45564,66.137054,1.4824893,87.53082
Jda Software,Computer Software,"Baudour, Hainaut Province, Belgium",Belgium,2548.5364,Multiprogramming,2020,48.861507,51.085575,125.383255,73.96501
Mantech,Information Technology And Services,"Hemel Hempstead, Hertford, United Kingdom",United Kingdom,5027.03,Backup & Disaster Recovery,2020,74.66784,80.34524,252.16246,104.49031
Cadence Design Systems,Computer Software,"Dale I Sunnfjord, Sogn Og Fjordane, Norway",Norway,2879.661,User Interface,2020,39.244915,51.86354,119.24662,0.19949286
Dell,Information Technology And Services,"Sandton, Gauteng, South Africa",South Africa,61804.992,Managed Print Services,2020,140.71892,73.48715,183.59735,47.080463
Insight,Information Technology And Services,"Chiasso, Ticino, Switzerland",Switzerland,7781.7393,Computer Training,2020,90.23616,78.3491,109.952545,103.52523
Morningstar,Financial Services,"Gurgaon, Haryana, India",India,3720.3323,Wealth Management,2020,167.96524,2.8010187,198.21812,93.38564
Legal & General,Financial Services,"Sant Cugat Del Vallès, Catalonia, Spain",Spain,3513.8206,Tax/Audit Consulting,2020,173.21196,83.10341,146.12221,99.54072
Dst Systems,Financial Services,"Giethoorn, Overijssel, Netherlands",Netherlands,4161.2334, Portfolio Management,2020,156.01082,0.73622924,183.65909,79.46508
Northshore University Healthsystem,Hospital & Health Care,"Dusseldorf, Nordrhein-Westfalen, Germany",Germany,3345.36,General surgical services,2020,93.72844,52.778984,163.76233,69.087105
Iron Mountain,Information Technology And Services,"Venezia, Veneto, Italy",Italy,5171.6475,Computer Training,2020,45.743668,58.28709,132.97878,80.58929
Texas Health Resources,Hospital & Health Care,"Manises, Valencia, Spain",Spain,9628.689,Nutritional support,2020,98.59223,54.70457,250.12527,0.6641318
Mercy,Hospital & Health Care,"Calais, Nord-Pas-De-Calais, France",France,11266.622,Short-term hospitalization,2020,121.8465,71.42509,160.18005,88.76884
St. Joseph Hospital,Hospital & Health Care,"Gdansk, Pomorskie, Poland",Poland,3668.3303,X ray/radiology services,2020,1.2771848,36.20647,204.8195,72.793365
Csc,Information Technology And Services,"Carnaxide, Lisbon, Portugal",Portugal,26372.586,Managed Print Services,2020,74.007256,66.24381,71.92893,55.781673
Erasmus Mc,Hospital & Health Care,"Dunedin, Otago, New Zealand",New Zealand,3843.0386,General surgical services,2020,78.57984,63.067425,85.3065,75.385315
Xena Properties,Real Estate,"Rosario, Santa Fe, Argentina",Argentina,2878.7236,Home inspection,2020,125.41618,1.016165,215.96857,89.94566
First Team Real Estate,Real Estate,"Alexandria, New South Wales, Australia",Australia,2160.6565,Selling Real Estate,2020,1.0935323,57.77326,170.62509,90.98853
National Association Of Realtors®,Real Estate,"Tangerang, Banten, Indonesia",Indonesia,1161.9136,Selling Real Estate,2020,121.99267,79.949936,165.61383,97.86302
Damac Properties,Real Estate,"Rochelle Park, New Jersey, United States",United States,1623.8877,Home inspection,2020,122.66194,49.1274,162.75468,88.505714
Upmc,Hospital & Health Care,"Ahmadabad, Gujarat, India",India,13897.379,Laboratory services,2020,126.174515,105.94571,3.0688248,83.38629
Baylor Scott & White Health,Hospital & Health Care,"Birmingham, Alabama, United States",Canada,12348.942,Emergency room services,2020,101.29233,68.87606,69.89387,90.87557
Logmein,Computer Software,"Munich, Bayern, Germany",Germany,3064.834,Multiprogramming,2020,52.60846,71.81554,136.58258,89.75035
Cleveland Clinic,Hospital & Health Care,"Claremont, Western Cape, South Africa",South Africa,24536.031,Special surgical services,2020,123.895355,59.87812,106.36694,66.58341
Weichert Realtors,Real Estate,"Jebel Ali, Dubai, United Arab Emirates",United Arab Emirates,8695.068,Rental and investment properties,2020,130.87447,50.981808,218.76242,0.7438334
Lehigh Valley Health Network,Hospital & Health Care,"Fulton, Maryland, United States",United States,2502.3206,X ray/radiology services,2020,84.99153,67.909386,0.3781883,90.26308
Md Anderson Cancer Center,Hospital & Health Care,"Colombo, Western, Sri Lanka",Singapore,12092.407,Blood services,2020,113.82215,82.230415,193.44496,1.0722022
Kaiser Permanente,Hospital & Health Care,"Kortrijk, Flanders, Belgium",Belgium,61254.668,Blood services,2020,159.303,68.68238,209.16,25.427065
Momentum,Financial Services,"Campinas, Sao Paulo, Brazil",Brazil,2435.6477,Stock Market,2020,139.46724,1.2269679,75.2155,80.46814
Royal Lepage,Real Estate,"Vila Nova De Famalicao, Braga, Portugal",Portugal,3569.0151,New Construction,2020,129.13712,66.39893,91.91732,86.724625
Morningstar,Financial Services,"Gurgaon, Haryana, India",India,4550.9634,Banking,2020,175.97522,86.42415,169.15855,94.829704
Comarch,Computer Software,"Gloucester, Gloucestershire, United Kingdom",United Kingdom,1452.1967,Personal Productivity Software,2020,37.658333,59.594574,80.137405,0.10136392
Bmc Software,Information Technology And Services,"Belgrano, Santiago Del Estero, Argentina",Argentina,7920.792,Cloud Services,2020,79.40647,78.38962,1.8450145,102.99151
Atlassian,Computer Software,"Nasik, Maharashtra, India",India,2396.5432,Personal Productivity Software,2020,0.960564,68.312454,151.95456,89.828926
Voya Financial,Financial Services,"Soignies, Hainaut, Belgium",Belgium,2121.2375,Mutual Funds,2020,177.27208,65.5174,150.43591,1.4954317
Cleveland Clinic,Hospital & Health Care,"Jyvaeskylae, Central Finland, Finland",Finland,13755.562,Mental health care,2020,109.32716,55.550335,176.16165,58.62442
Chicago Title,Real Estate,"Woodmead, Gauteng, South Africa",South Africa,2043.895,Rental and investment properties,2020,124.83528,57.37926,201.88379,87.04811
National Association Of Realtors®,Real Estate,"Aimargues, Occitanie, France",France,1347.2273,Property consultants,2020,125.131035,82.25267,143.927,93.7183
Dell,Information Technology And Services,"Tromsø, Troms, Norway",Norway,44831.965,Backup & Disaster Recovery,2020,104.33315,76.788055,168.76988,20.859137
Tieto,Information Technology And Services,"Bandung, Jawa Barat, Indonesia",Indonesia,10591.464,Hardware support,2020,47.56288,63.791744,147.69441,85.870834
Northwestern Mutual,Financial Services,"Herstal, Liege, Belgium",Belgium,29743.422,Capital Restructuring,2020,147.0703,0.4452247,235.61461,75.00261
Allscripts,Computer Software,"Chesterfield, Missouri, United States",Singapore,6431.625,Personal Productivity Software,2020,4.3956356,61.60712,275.35013,91.41568
Primerica,Financial Services,"Eskişehir, Eskisehir, Turkey",Turkey,12307.805,Mutual Funds,2020,149.85387,76.04716,90.39911,60.844086
Orlando Health,Hospital & Health Care,"Bağcılar, Istanbul, Turkey",Turkey,6614.769,General surgical services,2020,0.38972917,75.68744,238.29752,1.4268894
Sogeti,Information Technology And Services,"Venezia, Veneto, Italy",Italy,10470.554,Computer Training,2020,76.7229,63.556038,87.19981,95.356255
Teradata,Information Technology And Services,"New Farm, Queensland, Australia",Australia,5776.198,Email Services,2020,61.63715,56.12686,194.21338,72.89337
Nuance Communications,Computer Software,"Chinghochen, Xinjiang, China",China,6127.559,Operating Systems,2020,50.569244,53.092873,148.88104,78.51352
Jda Software,Computer Software,"Limoges, Nouvelle-Aquitaine, France",France,4345.3193,Multimedia Authoring Software,2020,59.101395,83.30347,252.67267,87.76635
Cmc Ltd,Information Technology And Services,"Bodø, Nordland, Norway",Norway,3708.8813,Managed Print Services,2020,0.8501023,58.505154,95.42155,0.54437494
Barfoot & Thompson,Real Estate,"Brisbane, Queensland, Australia",New Zealand,1716.1752,Rental and investment properties,2020,115.48845,53.114037,138.78218,97.360794
Erasmus Mc,Hospital & Health Care,"Tangerang, Banten, Indonesia",Indonesia,3852.9338,X ray/radiology services,2020,88.75219,56.533096,164.60986,81.98745
Pegasystems,Computer Software,"Tres Cantos, Madrid, Spain",Spain,5222.928,System Software,2020,57.532627,83.6855,1.9538777,96.35873
Rbc Investor & Treasury Services,Financial Services,"Teresópolis, Rio De Janeiro, Brazil",Brazil,2035.8295,Capital Restructuring,2020,150.28745,61.218033,2.264515,82.71417
Unc Health Care,Hospital & Health Care,"Kraków, Lesser Poland Voivodeship, Poland",Poland,3775.6042,Blood services,2020,94.452515,0.9986522,184.59544,0.72614956
Deltek,Computer Software,"Iselin, New Jersey, United States",Singapore,2408.341,Application Software,2020,52.23663,50.44602,144.81572,99.28312
Xena Properties,Real Estate,"Jyvaeskylae, Central Finland, Finland",Finland,2875.7656,Building contractors,2020,114.78001,66.63009,137.05122,80.31517
Mindtree,Information Technology And Services,"Limena, Veneto, Italy",Italy,8471.397,Network Management,2020,66.43337,68.43975,119.22569,80.73293
Financial Industry Regulatory Authority (Finra),Financial Services,"Glattbrugg, Zurich, Switzerland",Switzerland,2963.9414,Professional Advisory,2020,0.9128161,58.99717,1.3812809,91.91619
Autodesk,Computer Software,"Jakarta, Jakarta, Indonesia",Indonesia,7445.4585,Database Management,2020,64.24153,53.58689,1.0371646,83.534195
L&T Infotech,Information Technology And Services,"A, Syddanmark, Denmark",Denmark,23246.18,Hardware support,2020,106.73828,1.3466932,188.38257,77.45269
Microsoft,Computer Software,"Golmarmara, Manisa, Turkey",Turkey,124727.6,System Software,2020,176.13603,62.14858,165.00734,39.08414
Synopsys,Computer Software,"Chengdu, Sichuan, China",China,5706.3164,Desktop Publishing,2020,50.122417,54.857178,82.40328,80.32449
West Usa Realty,Real Estate,"Woodmead, Gauteng, South Africa",South Africa,953.0808,New Construction,2020,116.31931,45.95028,52.956886,83.78412
Synechron,Computer Software,"Turku, Finland Proper, Finland",Finland,2445.1323,Database Management,2020,39.99912,57.22088,79.81229,76.591835
Ge Healthcare,Hospital & Health Care,"Oxford, Oxfordshire, United Kingdom",United Kingdom,23873.97,Nutritional support,2020,59.77806,59.3591,119.64531,55.136845
Simon Property Group,Real Estate,"Nanjing, Jiangsu, China",China,1879.2755,Architects,2020,116.269196,38.22367,2.5945811,86.38149
Imss,Hospital & Health Care,"Root, Lucerne, Switzerland",Switzerland,14731.061,Nutritional support,2020,78.67007,46.926373,104.61011,57.461426
Associated Bank,Financial Services,"Lysaker, Akershus, Norway",Norway,2315.9595,Insurance,2020,0.5281937,1.9965701,167.85799,102.49708
Md Anderson Cancer Center,Hospital & Health Care,"Vigo, Galicia, Spain",Spain,12548.832,Transportation,2020,1.4481248,55.940365,100.33244,92.65931
Dell,Information Technology And Services,"Sandton, Gauteng, South Africa",South Africa,36448.26,Cloud Services,2020,85.527435,77.61287,157.02531,28.326942
3I Infotech,Information Technology And Services,"Glastonbury, Connecticut, United States",United States,3646.4453,Hardware support,2020,58.77181,61.03915,112.538635,64.25406
Ims Health,Information Technology And Services,"Porto Salvo, Lisbon, Portugal",Portugal,5802.2236,Cloud Services,2020,90.583115,0.6576423,188.93788,106.52632
Orlando Health,Hospital & Health Care,"San Pedro Garza García, Nuevo León, Mexico",Mexico,3435.5186,Laboratory services,2020,87.427925,1.7465667,111.58951,77.28126
Barclays Africa Group Limited,Financial Services,"Dubai, Dubai, United Arab Emirates",United Arab Emirates,3169.239,Professional Advisory,2020,127.69986,71.31774,115.89823,67.40686
Momentum,Financial Services,"Barneveld, Gelderland, Netherlands",Netherlands,4701.7983, Portfolio Management,2020,3.8385165,84.61321,190.89467,0.68544006
Symantec,Computer Software,"Fourways, Gauteng, South Africa",South Africa,13950.939,Multimedia Authoring Software,2020,52.7468,88.95048,88.49571,74.05304
Ryan Homes,Real Estate,"Copenhagen, Capital Region, Denmark",Denmark,700.25494,Property Staging,2020,114.53746,51.624863,1.4605967,79.855736
Verizon Business,Information Technology And Services,"Ivrea, Piedmont, Italy",Italy,9859.452,Hardware support,2020,60.43418,68.17793,190.78409,96.94389
Maxim Healthcare Services,Hospital & Health Care,"Vaughan, Ontario, Canada",Canada,8300.418,Emergency room services,2020,93.664795,59.632107,138.2967,79.86845
Epic,Computer Software,"Richmond, Virginia, United States",United Kingdom,4965.5776,System Software,2020,46.481064,32.877396,74.06107,0.9150037
Halstead Property,Real Estate,"Tangerang, Jawa Barat, Indonesia",Indonesia,1476.1104,Rental and investment properties,2020,115.20915,62.78188,131.03157,83.22591
Sap Successfactors,Computer Software,"Daira, Dubai, United Arab Emirates",United Arab Emirates,1840.1016,Operating Systems,2020,60.411194,67.3505,144.40805,92.75562
Uchealth,Hospital & Health Care,"Ayot Saint Lawrence, Hertford, United Kingdom",United Kingdom,5971.9653,Emergency room services,2020,110.47372,0.91035104,198.4151,102.250984
Globant,Information Technology And Services,"Wetzikon, Zurich, Switzerland",Switzerland,3926.7642,Computer Training,2020,45.42095,0.43278572,157.43591,66.2743
Genesys,Computer Software,"Box, Uusimaa, Finland",Finland,2377.2512,User Interface,2020,0.810366,68.26316,105.86037,88.552414
Polaris Financial Technology Limited,Information Technology And Services,"Katowice, Slaskie, Poland",Poland,8589.315,Computer Training,2020,106.93192,78.15137,1.9160421,97.447845
Concur,Computer Software,"Hoorn, Noord-Holland, Netherlands",Netherlands,5566.652,Database Management,2020,62.9568,99.50164,136.01808,90.4756
Advocate Health Care,Hospital & Health Care,"Milan, Milan, Italy",Italy,7115.1084,X ray/radiology services,2020,109.0194,0.33699396,180.42387,0.5850925
Equifax,Financial Services,"Sandviga, Aust-Agder, Norway",Norway,6055.44,Banking,2020,174.16197,71.795525,106.1737,98.35527
Molina Healthcare,Hospital & Health Care,"Copenhagen, Capital Region, Denmark",Denmark,7609.919,Mental health care,2020,1.1582149,60.17286,104.82773,70.13439
Quicken Loans,Financial Services,"Eyup, Tokat, Turkey",Turkey,6035.3647,Insurance,2020,150.97198,95.40788,156.97798,80.269455
Ncr Corporation,Information Technology And Services,"Jakarta, Jakarta, Indonesia",Indonesia,12576.151,IT Consulting,2020,66.25533,33.34859,128.56952,63.50697
Vancouver Coastal Health,Hospital & Health Care,"Pero, Lombardy, Italy",Italy,2053.2712,Emergency room services,2020,87.010765,63.803997,90.12758,77.82034
Mphasis,Information Technology And Services,"Antony, Ile-De-France, France",France,20739.053,IT Consulting,2020,89.08482,80.76375,0.90006876,90.08011
Johns Hopkins Hospital,Hospital & Health Care,"Bandung, Jawa Barat, Indonesia",Indonesia,3747.6917,Nutritional support,2020,100.28272,46.036495,210.25009,1.4676851
Cerner Corporation,Information Technology And Services,"County Durham, County Durham, United Kingdom",United Kingdom,18151.21,IT Consulting,2020,1.136633,51.641296,2.1071067,71.971664
Nyu Langone Medical Center,Hospital & Health Care,"Hannover, Lower Saxony, Germany",Germany,6941.5967,Nutritional support,2020,72.4725,46.902813,0.77001846,1.0964179
Peacehealth,Hospital & Health Care,"Argentina, Santiago Del Estero, Argentina",Argentina,5667.748,Short-term hospitalization,2020,107.666985,73.234055,260.12677,95.12811
Ut Southwestern Medical Center,Hospital & Health Care,"Salinas, California, United States",United States,3373.717,X ray/radiology services,2020,0.46337786,0.48222393,99.95949,74.58344
Diebold Nixdorf,Financial Services,"Roskilde, Sjelland, Denmark",Denmark,9617.191,Professional Advisory,2020,175.32062,0.27595797,2.4422016,95.98349
Concur,Computer Software,"Takapuna, Auckland, New Zealand",New Zealand,4856.9883,Desktop Publishing,2020,62.64608,0.35842592,1.0527534,78.35981
Jack Henry & Associates,Computer Software,"Massarosa, Tuscany, Italy",Italy,2213.2373,Database Management,2020,50.404823,37.523033,107.899055,88.372345
Dell,Information Technology And Services,"Tromsø, Troms, Norway",Norway,53046.746,IT Consulting,2020,149.66257,0.3798298,116.566536,43.804996
Jack Henry & Associates,Computer Software,"Mar Del Plata, Buenos Aires, Argentina",Argentina,3637.8835,Personal Productivity Software,2020,62.77823,47.51944,151.55287,0.94926804
Unc Health Care,Hospital & Health Care,"Carouge, Geneva, Switzerland",Switzerland,3750.6987,Nutritional support,2020,1.6275939,74.21502,64.132744,62.66833
Gm Financial,Financial Services,"Julfa, Ras Al Khaimah, United Arab Emirates",United Arab Emirates,6071.594,Stock Market,2020,165.59572,0.25267872,129.95969,78.23746
Amadeus It Group,Information Technology And Services,"Duncan, British Columbia, Canada",Canada,6511.0225,Managed Print Services,2020,58.71835,42.98371,65.94874,0.4294646
Pnc,Financial Services,"Jakarta, Jakarta Raya, Indonesia",Indonesia,44204.14,Insurance,2020,164.98813,67.43121,277.0905,0.28809905
John L Scott Real Estate,Real Estate,"Shanghai, Shanghai, China",China,2399.0715,Property consultants,2020,118.94283,56.999138,101.888535,87.03355
